50005,Elite
50016,Elite
50127,Supp
50230,Credit
50336,Elite
50403,Supp
50486,Supp
50516,Credit
50606,Elite
50640,Elite
50644,Supp
50902,Credit
51097,Credit
51173,Credit
51184,Credit
51194,Supp
51247,Elite
51472,Credit
51538,Supp
51640,Supp
51754,Elite
51774,Credit
51830,Elite
51841,Supp
52054,Elite
52189,Supp
52303,Credit
52404,Supp
52486,Credit
52505,Elite
52524,Elite
52569,Credit
52653,Supp
52672,Elite
52696,Supp
52727,Supp
52735,Credit
52747,Credit
52790,Credit
52846,Supp
52853,Elite
52960,Credit
52964,Elite
53027,Supp
53054,Credit
53071,Supp
53108,Credit
53117,Credit
53237,Elite
53371,Supp
53402,Supp
53420,Credit
53450,Supp
53522,Credit
53534,Elite
53549,Supp
53585,Supp
53621,Credit
53808,Supp
53949,Credit
54133,Elite
54306,Credit
54343,Credit
54433,Supp
54457,Supp
54525,Supp
54529,Elite
54558,Credit
54588,Supp
54700,Supp
54777,Supp
54915,Supp
54944,Supp
55008,Elite
55093,Supp
55319,Supp
55349,Elite
55369,Supp
55403,Elite
55444,Credit
55486,Supp
55535,Supp
55551,Supp
55564,Credit
55745,Credit
55750,Credit
55757,Elite
55809,Supp
55919,Elite
56078,Credit
56131,Credit
56377,Credit
56394,Credit
56404,Elite
56431,Credit
56440,Credit
56500,Elite
56715,Elite
56849,Supp
56898,Elite
56907,Credit
57003,Elite
57038,Credit
57125,Credit
57145,Elite
57271,Supp
57339,Supp
57673,Supp
57716,Credit
57832,Elite
57846,Supp
57886,Supp
58038,Supp
58058,Credit
58095,Credit
58150,Supp
58152,Supp
58205,Elite
58226,Elite
58251,Elite
58318,Supp
58383,Elite
58387,Elite
58549,Credit
58551,Supp
58682,Elite
58742,Credit
58810,Credit
58811,Elite
58858,Elite
58910,Supp
58931,Elite
58985,Elite
59146,Elite
59260,Supp
59342,Elite
59370,Credit
59414,Supp
59545,Elite
59554,Supp
59676,Credit
59689,Elite
59824,Supp
59870,Supp
